Insert into ADMIN.APPLICANTS (ID,FIRST_NAME,LAST_NAME,SCHOOL_AVG_SCORES,FACULTY_ID,ST_EMAIL,ST_PASSWORD,ENROLLED) values ('10000','Alexey','Nadenenko','79','10','123@dsjhf.com','1234','N');
Insert into ADMIN.APPLICANTS (ID,FIRST_NAME,LAST_NAME,SCHOOL_AVG_SCORES,FACULTY_ID,ST_EMAIL,ST_PASSWORD,ENROLLED) values ('10001','Gleb ','Malahov','67','10','123@qw.com','1234','N');
Insert into ADMIN.APPLICANTS (ID,FIRST_NAME,LAST_NAME,SCHOOL_AVG_SCORES,FACULTY_ID,ST_EMAIL,ST_PASSWORD,ENROLLED) values ('10002','Nikolay','Lukashenko','25','10','luka@shen.com','1234','N');
Insert into ADMIN.APPLICANTS (ID,FIRST_NAME,LAST_NAME,SCHOOL_AVG_SCORES,FACULTY_ID,ST_EMAIL,ST_PASSWORD,ENROLLED) values ('10003','Igor','Sechin','47','10','sechin@loh.ru','1234','N');
Insert into ADMIN.APPLICANTS (ID,FIRST_NAME,LAST_NAME,SCHOOL_AVG_SCORES,FACULTY_ID,ST_EMAIL,ST_PASSWORD,ENROLLED) values ('10004','Emmanuel','Macron','85','10','makron@sobaka.ru','1234','N');
Insert into ADMIN.APPLICANTS (ID,FIRST_NAME,LAST_NAME,SCHOOL_AVG_SCORES,FACULTY_ID,ST_EMAIL,ST_PASSWORD,ENROLLED) values ('10005','Francois','Olland','65','10','ollando@re.fr','1234','N');
Insert into ADMIN.APPLICANTS (ID,FIRST_NAME,LAST_NAME,SCHOOL_AVG_SCORES,FACULTY_ID,ST_EMAIL,ST_PASSWORD,ENROLLED) values ('10006','Nicolas','Sarkozy','90','10','Sarkozy@telki.fr','1234','N');
Insert into ADMIN.APPLICANTS (ID,FIRST_NAME,LAST_NAME,SCHOOL_AVG_SCORES,FACULTY_ID,ST_EMAIL,ST_PASSWORD,ENROLLED) values ('10007','Jacques','Chirac','95','10','Chirac@war.fr','1234','N');
Insert into ADMIN.APPLICANTS (ID,FIRST_NAME,LAST_NAME,SCHOOL_AVG_SCORES,FACULTY_ID,ST_EMAIL,ST_PASSWORD,ENROLLED) values ('10008','Boris','Jonson','38','10','Boris@redhead.com','1234','N');
Insert into ADMIN.APPLICANTS (ID,FIRST_NAME,LAST_NAME,SCHOOL_AVG_SCORES,FACULTY_ID,ST_EMAIL,ST_PASSWORD,ENROLLED) values ('10009','Teresa','May','50','20','teresa@may.com','1234','N');
Insert into ADMIN.APPLICANTS (ID,FIRST_NAME,LAST_NAME,SCHOOL_AVG_SCORES,FACULTY_ID,ST_EMAIL,ST_PASSWORD,ENROLLED) values ('10010','David','Cameron','63','20','David@titanik.com','1234','N');
Insert into ADMIN.APPLICANTS (ID,FIRST_NAME,LAST_NAME,SCHOOL_AVG_SCORES,FACULTY_ID,ST_EMAIL,ST_PASSWORD,ENROLLED) values ('10011','Gordon','Brown','59','20','Gordom@neramsay.com','1234','N');
Insert into ADMIN.APPLICANTS (ID,FIRST_NAME,LAST_NAME,SCHOOL_AVG_SCORES,FACULTY_ID,ST_EMAIL,ST_PASSWORD,ENROLLED) values ('10012','Tony','Blar','80','20','Tony@blar.com','1234','N');
Insert into ADMIN.APPLICANTS (ID,FIRST_NAME,LAST_NAME,SCHOOL_AVG_SCORES,FACULTY_ID,ST_EMAIL,ST_PASSWORD,ENROLLED) values ('10013','John','Major','70','20','John@major.ru','1234','N');
Insert into ADMIN.APPLICANTS (ID,FIRST_NAME,LAST_NAME,SCHOOL_AVG_SCORES,FACULTY_ID,ST_EMAIL,ST_PASSWORD,ENROLLED) values ('10014','Margaret','Teatcher','78','20','Margo@telki.ru','1234','N');
Insert into ADMIN.APPLICANTS (ID,FIRST_NAME,LAST_NAME,SCHOOL_AVG_SCORES,FACULTY_ID,ST_EMAIL,ST_PASSWORD,ENROLLED) values ('10120','Petr','First','56','10','petr@spb.ru','1234','N');
Insert into ADMIN.APPLICANTS (ID,FIRST_NAME,LAST_NAME,SCHOOL_AVG_SCORES,FACULTY_ID,ST_EMAIL,ST_PASSWORD,ENROLLED) values ('10121','Ekaterina','Second','56','20','prostitutki@spb.ru','1234','N');
Insert into ADMIN.APPLICANTS (ID,FIRST_NAME,LAST_NAME,SCHOOL_AVG_SCORES,FACULTY_ID,ST_EMAIL,ST_PASSWORD,ENROLLED) values ('10122','Pavel','Third','76','30','pavel@spb.ru','1232','N');
Insert into ADMIN.APPLICANTS (ID,FIRST_NAME,LAST_NAME,SCHOOL_AVG_SCORES,FACULTY_ID,ST_EMAIL,ST_PASSWORD,ENROLLED) values ('10123','Nikolay','Second','45','40','rasstrel@zcar.ru','1234','N');
Insert into ADMIN.APPLICANTS (ID,FIRST_NAME,LAST_NAME,SCHOOL_AVG_SCORES,FACULTY_ID,ST_EMAIL,ST_PASSWORD,ENROLLED) values ('10124','Vladimir','Lenin','78','30','lenin@zhiv.ru','4542','N');
Insert into ADMIN.APPLICANTS (ID,FIRST_NAME,LAST_NAME,SCHOOL_AVG_SCORES,FACULTY_ID,ST_EMAIL,ST_PASSWORD,ENROLLED) values ('10125','Iosif','Stalin','34','40','genozvale@ussr.ru','3123','N');
Insert into ADMIN.APPLICANTS (ID,FIRST_NAME,LAST_NAME,SCHOOL_AVG_SCORES,FACULTY_ID,ST_EMAIL,ST_PASSWORD,ENROLLED) values ('10126','George','Malenkov','67','20','anybody@ussr.com','1245','N');
Insert into ADMIN.APPLICANTS (ID,FIRST_NAME,LAST_NAME,SCHOOL_AVG_SCORES,FACULTY_ID,ST_EMAIL,ST_PASSWORD,ENROLLED) values ('10127','Nikita','Hrushev','34','10','kukuruzka@ussr.us','5643','N');
Insert into ADMIN.APPLICANTS (ID,FIRST_NAME,LAST_NAME,SCHOOL_AVG_SCORES,FACULTY_ID,ST_EMAIL,ST_PASSWORD,ENROLLED) values ('10128','Leo','Brezhnev','56','30','leo@netitanik.ru','4356','N');
Insert into ADMIN.APPLICANTS (ID,FIRST_NAME,LAST_NAME,SCHOOL_AVG_SCORES,FACULTY_ID,ST_EMAIL,ST_PASSWORD,ENROLLED) values ('10129','Jura','Andropov','34','40','andro@pov.ru','8732','N');
Insert into ADMIN.APPLICANTS (ID,FIRST_NAME,LAST_NAME,SCHOOL_AVG_SCORES,FACULTY_ID,ST_EMAIL,ST_PASSWORD,ENROLLED) values ('10130','Kostya','Chernenko','56','30','cher@nen.co','5657','N');
Insert into ADMIN.APPLICANTS (ID,FIRST_NAME,LAST_NAME,SCHOOL_AVG_SCORES,FACULTY_ID,ST_EMAIL,ST_PASSWORD,ENROLLED) values ('10131','Michael','Gorbachev','78','40','Gorba@chev.ru','3456','N');
Insert into ADMIN.APPLICANTS (ID,FIRST_NAME,LAST_NAME,SCHOOL_AVG_SCORES,FACULTY_ID,ST_EMAIL,ST_PASSWORD,ENROLLED) values ('10105','Boris','Eltsin','10','10','borja@propilvse.ru','5325','N');
REM INSERTING into ADMIN.EXAMINATION_RECORDS
SET DEFINE OFF;
REM INSERTING into ADMIN.EXAMS_FACULTY
SET DEFINE OFF;
Insert into ADMIN.EXAMS_FACULTY (FACULTY_ID,EXAM_ID) values ('10','10');
Insert into ADMIN.EXAMS_FACULTY (FACULTY_ID,EXAM_ID) values ('10','15');
Insert into ADMIN.EXAMS_FACULTY (FACULTY_ID,EXAM_ID) values ('10','40');
Insert into ADMIN.EXAMS_FACULTY (FACULTY_ID,EXAM_ID) values ('20','10');
Insert into ADMIN.EXAMS_FACULTY (FACULTY_ID,EXAM_ID) values ('20','40');
Insert into ADMIN.EXAMS_FACULTY (FACULTY_ID,EXAM_ID) values ('20','20');
Insert into ADMIN.EXAMS_FACULTY (FACULTY_ID,EXAM_ID) values ('30','15');
Insert into ADMIN.EXAMS_FACULTY (FACULTY_ID,EXAM_ID) values ('30','20');
Insert into ADMIN.EXAMS_FACULTY (FACULTY_ID,EXAM_ID) values ('30','40');
Insert into ADMIN.EXAMS_FACULTY (FACULTY_ID,EXAM_ID) values ('40','40');
Insert into ADMIN.EXAMS_FACULTY (FACULTY_ID,EXAM_ID) values ('40','10');
Insert into ADMIN.EXAMS_FACULTY (FACULTY_ID,EXAM_ID) values ('40','20');
REM INSERTING into ADMIN.EXAMS_LIST
SET DEFINE OFF;
Insert into ADMIN.EXAMS_LIST (EXAM_ID,EXAM_NAME) values ('10','Comp Science');
Insert into ADMIN.EXAMS_LIST (EXAM_ID,EXAM_NAME) values ('15','Mathematics');
Insert into ADMIN.EXAMS_LIST (EXAM_ID,EXAM_NAME) values ('20','English language');
Insert into ADMIN.EXAMS_LIST (EXAM_ID,EXAM_NAME) values ('25','Chemistry');
Insert into ADMIN.EXAMS_LIST (EXAM_ID,EXAM_NAME) values ('30','Physics');
Insert into ADMIN.EXAMS_LIST (EXAM_ID,EXAM_NAME) values ('35','Citezenship');
Insert into ADMIN.EXAMS_LIST (EXAM_ID,EXAM_NAME) values ('40','Java Basic');
Insert into ADMIN.EXAMS_LIST (EXAM_ID,EXAM_NAME) values ('45','Economics');
Insert into ADMIN.EXAMS_LIST (EXAM_ID,EXAM_NAME) values ('50','Management');
REM INSERTING into ADMIN.FACULTY_LIST
SET DEFINE OFF;
Insert into ADMIN.FACULTY_LIST (FACULTY_ID,FACULTY_NAME,FACULTY_CAPACITY,FACULTY_MIN_GRADE) values ('10','Computer Science','10','310');
Insert into ADMIN.FACULTY_LIST (FACULTY_ID,FACULTY_NAME,FACULTY_CAPACITY,FACULTY_MIN_GRADE) values ('20','Java Core','10','330');
Insert into ADMIN.FACULTY_LIST (FACULTY_ID,FACULTY_NAME,FACULTY_CAPACITY,FACULTY_MIN_GRADE) values ('30','PHYSICS','10','320');
Insert into ADMIN.FACULTY_LIST (FACULTY_ID,FACULTY_NAME,FACULTY_CAPACITY,FACULTY_MIN_GRADE) values ('40','Mathematics','10','310');
